Workbook

Sheet Dashboard
A1: ARIS Master Planner — Dashboard
A2: Auto-updating from Daily Log, ARIS Tasks, DSA, Resources, Applications, Networking
J3: Chart Data: Phase Completion | N3: Chart Data: Time Allocation (this week) | Q3: Chart Data: DSA Patterns Done | T3: Chart Data: Application Funnel
A4: Days to ARIS Ship | B4: Days to Apps Open | C4: ARIS Tasks Done | D4: ARIS % | E4: DSA Solved | F4: Apps Submitted | J4: Phase | K4: Done | L4: Total | N4: Category | O4: Hours | Q4: Pattern | R4: Done | T4: Stage | U4: Count
A5: =Settings!B6-TODAY() -> 116 | B5: =Settings!B7-TODAY() -> 131 | C5: =COUNTIF('ARIS Tasks'!E:E,"Done") -> 10 | D5: =IF((COUNTIF('ARIS Tasks'!E:E,"Done")+COUNTIF('ARIS Tasks'!E:E,"Doing")+COUNTIF('ARIS Tasks'!E:E,"Todo")+COUNTIF('ARIS Tasks'!E:E,"Blocked"))=0,0,COUNTIF('ARIS Tasks'!E:E,"Done")/(COUNTIF('ARIS Tasks'!E:E,"Done")+COUNTIF('ARIS Tasks'!E:E,"Doing")+COUNTIF('ARIS Tasks'!E:E,"Todo")+COUNTIF('ARIS Tasks'!E:E,"Blocked"))) -> 0.089285714 | E5: =COUNTIF('DSA Tracker'!E:E,"Done") -> 0 | F5: =COUNTIF(Applications!G:G,"Applied")+COUNTIF(Applications!G:G,"OA Sent")+COUNTIF(Applications!G:G,"OA Done")+COUNTIF(Applications!G:G,"Phone Screen")+COUNTIF(Applications!G:G,"Tech Interview")+COUNTIF(Applications!G:G,"Final")+COUNTIF(Applications!G:G,"Offer")+COUNTIF(Applications!G:G,"Rejected")+COUNTIF(Applications!G:G,"Withdrawn")+COUNTIF(Applications!G:G,"Ghosted") -> 0 | J5: Phase 0 | K5: =COUNTIFS('ARIS Tasks'!A:A,"Phase 0",'ARIS Tasks'!E:E,"Done") -> 10 | L5: =COUNTIF('ARIS Tasks'!A:A,"Phase 0") -> 21 | N5: ARIS | O5: =SUMIFS('Daily Log'!C:C,'Daily Log'!A:A,">="&(TODAY()-WEEKDAY(TODAY(),2)+1),'Daily Log'!A:A,"<="&(TODAY()-WEEKDAY(TODAY(),2)+7)) -> 0 | Q5: Arrays & Hashing | R5: =COUNTIFS('DSA Tracker'!C:C,"Arrays & Hashing",'DSA Tracker'!E:E,"Done") -> 0 | T5: Applied+ | U5: =COUNTIF(Applications!G:G,"Applied")+COUNTIF(Applications!G:G,"OA Sent")+COUNTIF(Applications!G:G,"OA Done")+COUNTIF(Applications!G:G,"Phone Screen")+COUNTIF(Applications!G:G,"Tech Interview")+COUNTIF(Applications!G:G,"Final")+COUNTIF(Applications!G:G,"Offer") -> 0
J6: Phase 1 | K6: =COUNTIFS('ARIS Tasks'!A:A,"Phase 1",'ARIS Tasks'!E:E,"Done") -> 0 | L6: =COUNTIF('ARIS Tasks'!A:A,"Phase 1") -> 13 | N6: DSA | O6: =SUMIFS('Daily Log'!D:D,'Daily Log'!A:A,">="&(TODAY()-WEEKDAY(TODAY(),2)+1),'Daily Log'!A:A,"<="&(TODAY()-WEEKDAY(TODAY(),2)+7)) -> 0 | Q6: Two Pointers | R6: =COUNTIFS('DSA Tracker'!C:C,"Two Pointers",'DSA Tracker'!E:E,"Done") -> 0 | T6: OA Stage+ | U6: =COUNTIF(Applications!G:G,"OA Sent")+COUNTIF(Applications!G:G,"OA Done")+COUNTIF(Applications!G:G,"Phone Screen")+COUNTIF(Applications!G:G,"Tech Interview")+COUNTIF(Applications!G:G,"Final")+COUNTIF(Applications!G:G,"Offer") -> 0
A7: Hours This Week | B7: Hours Target Wk | C7: Resources Done | D7: Network Replies | E7: Outreach Sent | F7: Offers | J7: Phase 2 | K7: =COUNTIFS('ARIS Tasks'!A:A,"Phase 2",'ARIS Tasks'!E:E,"Done") -> 0 | L7: =COUNTIF('ARIS Tasks'!A:A,"Phase 2") -> 12 | N7: App Tool | O7: =SUMIFS('Daily Log'!E:E,'Daily Log'!A:A,">="&(TODAY()-WEEKDAY(TODAY(),2)+1),'Daily Log'!A:A,"<="&(TODAY()-WEEKDAY(TODAY(),2)+7)) -> 0 | Q7: Sliding Window | R7: =COUNTIFS('DSA Tracker'!C:C,"Sliding Window",'DSA Tracker'!E:E,"Done") -> 0 | T7: Phone+ | U7: =COUNTIF(Applications!G:G,"Phone Screen")+COUNTIF(Applications!G:G,"Tech Interview")+COUNTIF(Applications!G:G,"Final")+COUNTIF(Applications!G:G,"Offer") -> 0
A8: =SUMIFS('Daily Log'!J:J,'Daily Log'!A:A,">="&(TODAY()-WEEKDAY(TODAY(),2)+1),'Daily Log'!A:A,"<="&TODAY()) -> 0 | B8: =SUMIFS('Daily Log'!K:K,'Daily Log'!A:A,">="&(TODAY()-WEEKDAY(TODAY(),2)+1),'Daily Log'!A:A,"<="&(TODAY()-WEEKDAY(TODAY(),2)+7)) -> 36 | C8: =COUNTIF(Resources!J:J,"Done") -> 0 | D8: =COUNTIF(Networking!I:I,"Yes") -> 0 | E8: =COUNTA(Networking!B:B)-1 -> 0 | F8: =COUNTIF(Applications!G:G,"Offer") -> 0 | J8: Phase 3 | K8: =COUNTIFS('ARIS Tasks'!A:A,"Phase 3",'ARIS Tasks'!E:E,"Done") -> 0 | L8: =COUNTIF('ARIS Tasks'!A:A,"Phase 3") -> 18 | N8: Networking | O8: =SUMIFS('Daily Log'!F:F,'Daily Log'!A:A,">="&(TODAY()-WEEKDAY(TODAY(),2)+1),'Daily Log'!A:A,"<="&(TODAY()-WEEKDAY(TODAY(),2)+7)) -> 0 | Q8: Stack | R8: =COUNTIFS('DSA Tracker'!C:C,"Stack",'DSA Tracker'!E:E,"Done") -> 0 | T8: Final+ | U8: =COUNTIF(Applications!G:G,"Final")+COUNTIF(Applications!G:G,"Offer") -> 0
J9: Phase 4 | K9: =COUNTIFS('ARIS Tasks'!A:A,"Phase 4",'ARIS Tasks'!E:E,"Done") -> 0 | L9: =COUNTIF('ARIS Tasks'!A:A,"Phase 4") -> 9 | N9: Writing | O9: =SUMIFS('Daily Log'!G:G,'Daily Log'!A:A,">="&(TODAY()-WEEKDAY(TODAY(),2)+1),'Daily Log'!A:A,"<="&(TODAY()-WEEKDAY(TODAY(),2)+7)) -> 0 | Q9: Binary Search | R9: =COUNTIFS('DSA Tracker'!C:C,"Binary Search",'DSA Tracker'!E:E,"Done") -> 0 | T9: Offers | U9: =COUNTIF(Applications!G:G,"Offer") -> 0
J10: Phase 5 | K10: =COUNTIFS('ARIS Tasks'!A:A,"Phase 5",'ARIS Tasks'!E:E,"Done") -> 0 | L10: =COUNTIF('ARIS Tasks'!A:A,"Phase 5") -> 9 | N10: Resources | O10: =SUMIFS('Daily Log'!H:H,'Daily Log'!A:A,">="&(TODAY()-WEEKDAY(TODAY(),2)+1),'Daily Log'!A:A,"<="&(TODAY()-WEEKDAY(TODAY(),2)+7)) -> 0 | Q10: Linked List | R10: =COUNTIFS('DSA Tracker'!C:C,"Linked List",'DSA Tracker'!E:E,"Done") -> 0
J11: Phase 6 | K11: =COUNTIFS('ARIS Tasks'!A:A,"Phase 6",'ARIS Tasks'!E:E,"Done") -> 0 | L11: =COUNTIF('ARIS Tasks'!A:A,"Phase 6") -> 9 | N11: Other | O11: =SUMIFS('Daily Log'!I:I,'Daily Log'!A:A,">="&(TODAY()-WEEKDAY(TODAY(),2)+1),'Daily Log'!A:A,"<="&(TODAY()-WEEKDAY(TODAY(),2)+7)) -> 0 | Q11: Trees | R11: =COUNTIFS('DSA Tracker'!C:C,"Trees",'DSA Tracker'!E:E,"Done") -> 0
J12: Phase 7 | K12: =COUNTIFS('ARIS Tasks'!A:A,"Phase 7",'ARIS Tasks'!E:E,"Done") -> 0 | L12: =COUNTIF('ARIS Tasks'!A:A,"Phase 7") -> 11 | Q12: Tries | R12: =COUNTIFS('DSA Tracker'!C:C,"Tries",'DSA Tracker'!E:E,"Done") -> 0
J13: Phase 8 | K13: =COUNTIFS('ARIS Tasks'!A:A,"Phase 8",'ARIS Tasks'!E:E,"Done") -> 0 | L13: =COUNTIF('ARIS Tasks'!A:A,"Phase 8") -> 10 | Q13: Heap | R13: =COUNTIFS('DSA Tracker'!C:C,"Heap",'DSA Tracker'!E:E,"Done") -> 0
Q14: Backtracking | R14: =COUNTIFS('DSA Tracker'!C:C,"Backtracking",'DSA Tracker'!E:E,"Done") -> 0
Q15: Graphs | R15: =COUNTIFS('DSA Tracker'!C:C,"Graphs",'DSA Tracker'!E:E,"Done") -> 0
Q16: Advanced Graphs | R16: =COUNTIFS('DSA Tracker'!C:C,"Advanced Graphs",'DSA Tracker'!E:E,"Done") -> 0
Q17: 1-D DP | R17: =COUNTIFS('DSA Tracker'!C:C,"1-D DP",'DSA Tracker'!E:E,"Done") -> 0
Q18: 2-D DP | R18: =COUNTIFS('DSA Tracker'!C:C,"2-D DP",'DSA Tracker'!E:E,"Done") -> 0
Q19: Greedy | R19: =COUNTIFS('DSA Tracker'!C:C,"Greedy",'DSA Tracker'!E:E,"Done") -> 0
Q20: Intervals | R20: =COUNTIFS('DSA Tracker'!C:C,"Intervals",'DSA Tracker'!E:E,"Done") -> 0
Q21: Math & Geometry | R21: =COUNTIFS('DSA Tracker'!C:C,"Math & Geometry",'DSA Tracker'!E:E,"Done") -> 0
Q22: Bit Manipulation | R22: =COUNTIFS('DSA Tracker'!C:C,"Bit Manipulation",'DSA Tracker'!E:E,"Done") -> 0
A50: Current Week Focus
A52: Week # | B52: =INDEX('Weekly Overview'!A:A,MATCH("Current",'Weekly Overview'!L:L,0)) -> 1
A53: Phase | B53: =INDEX('Weekly Overview'!B:B,MATCH("Current",'Weekly Overview'!L:L,0)) -> Phase 1 — Python found.
A54: Theme | B54: =INDEX('Weekly Overview'!E:E,MATCH("Current",'Weekly Overview'!L:L,0)) -> Day 1 ignition: Python, Boot.dev OOP, NumPy, repo init
A55: Tasks This Week | B55: =INDEX('Weekly Overview'!F:F,MATCH("Current",'Weekly Overview'!L:L,0)) -> 6 | C55: Done | D55: =INDEX('Weekly Overview'!G:G,MATCH("Current",'Weekly Overview'!L:L,0)) -> 0 | E55: % Complete | F55: =INDEX('Weekly Overview'!H:H,MATCH("Current",'Weekly Overview'!L:L,0)) -> 0
A56: Hours Logged | B56: =INDEX('Weekly Overview'!K:K,MATCH("Current",'Weekly Overview'!L:L,0)) -> 0 | C56: DSA Done | D56: =INDEX('Weekly Overview'!J:J,MATCH("Current",'Weekly Overview'!L:L,0)) -> 0 | E56: DSA Target | F56: =INDEX('Weekly Overview'!I:I,MATCH("Current",'Weekly Overview'!L:L,0)) -> 5
A60: Quick navigation
A61: → Daily Log: log hours every evening (60 seconds).
A62: → ARIS Tasks: tick to Done as you finish each task. Charts above auto-update.
A63: → DSA Tracker: log every problem; the by-pattern chart shows your coverage gaps.
A64: → Resources: when you finish a course, set Status = Done and log hours.
A65: → Applications: pre-populated with target list; fire from Sept 15 onwards.
A66: → Networking: log every outreach + reply. Stale follow-ups (>14d) flag red.

Sheet Weekly Overview
A1: Week | B1: Phase | C1: Start | D1: End | E1: Theme | F1: ARIS Tasks Total | G1: ARIS Tasks Done | H1: ARIS % | I1: DSA Target | J1: DSA Done | K1: Hours Logged | L1: Status
A2: 0 | B2: Phase 0 — Pre-flight | C2: 46141 | D2: 46145 | E2: Setup: tools, accounts, GitHub purge, Day 1 readiness | F2: =COUNTIF('ARIS Tasks'!B:B,A2) -> 21 | G2: =COUNTIFS('ARIS Tasks'!B:B,A2,'ARIS Tasks'!E:E,"Done") -> 10 | H2: =IF(F2=0,0,G2/F2) -> 0.47619048 | I2: =IF(A2=0,0,IF(A2<=3,5,IF(A2<=12,10,IF(A2<=17,8,5)))) -> 0 | J2: =COUNTIFS('DSA Tracker'!F:F,">="&C2,'DSA Tracker'!F:F,"<="&D2,'DSA Tracker'!E:E,"Done") -> 0 | K2: =SUMIFS('Daily Log'!J:J,'Daily Log'!A:A,">="&C2,'Daily Log'!A:A,"<="&D2) -> 0 | L2: =IF(TODAY()<C2,"Future",IF(TODAY()>D2,IF(H2>=0.9,"Complete","Past Due"),"Current")) -> Past Due
A3: 1 | B3: Phase 1 — Python found. | C3: 46146 | D3: 46152 | E3: Day 1 ignition: Python, Boot.dev OOP, NumPy, repo init | F3: =COUNTIF('ARIS Tasks'!B:B,A3) -> 6 | G3: =COUNTIFS('ARIS Tasks'!B:B,A3,'ARIS Tasks'!E:E,"Done") -> 0 | H3: =IF(F3=0,0,G3/F3) -> 0 | I3: =IF(A3=0,0,IF(A3<=3,5,IF(A3<=12,10,IF(A3<=17,8,5)))) -> 5 | J3: =COUNTIFS('DSA Tracker'!F:F,">="&C3,'DSA Tracker'!F:F,"<="&D3,'DSA Tracker'!E:E,"Done") -> 0 | K3: 0 | L3: =IF(TODAY()<C3,"Future",IF(TODAY()>D3,IF(H3>=0.9,"Complete","Past Due"),"Current")) -> Current
A4: 2 | B4: Phase 1 — Python found. | C4: 46153 | D4: 46159 | E4: pandas + first FastF1 plot, statistical baseline | F4: =COUNTIF('ARIS Tasks'!B:B,A4) -> 7 | G4: =COUNTIFS('ARIS Tasks'!B:B,A4,'ARIS Tasks'!E:E,"Done") -> 0 | H4: =IF(F4=0,0,G4/F4) -> 0 | I4: =IF(A4=0,0,IF(A4<=3,5,IF(A4<=12,10,IF(A4<=17,8,5)))) -> 5 | J4: =COUNTIFS('DSA Tracker'!F:F,">="&C4,'DSA Tracker'!F:F,"<="&D4,'DSA Tracker'!E:E,"Done") -> 0 | K4: =SUMIFS('Daily Log'!J:J,'Daily Log'!A:A,">="&C4,'Daily Log'!A:A,"<="&D4) -> 0 | L4: =IF(TODAY()<C4,"Future",IF(TODAY()>D4,IF(H4>=0.9,"Complete","Past Due"),"Current")) -> Future
A5: 3 | B5: Phase 2 — Pipeline | C5: 46160 | D5: 46166 | E5: Postgres schema, FastF1 ingest, Streamlit skeleton, cloud deploy | F5: =COUNTIF('ARIS Tasks'!B:B,A5) -> 6 | G5: =COUNTIFS('ARIS Tasks'!B:B,A5,'ARIS Tasks'!E:E,"Done") -> 0 | H5: =IF(F5=0,0,G5/F5) -> 0 | I5: =IF(A5=0,0,IF(A5<=3,5,IF(A5<=12,10,IF(A5<=17,8,5)))) -> 5 | J5: =COUNTIFS('DSA Tracker'!F:F,">="&C5,'DSA Tracker'!F:F,"<="&D5,'DSA Tracker'!E:E,"Done") -> 0 | K5: =SUMIFS('Daily Log'!J:J,'Daily Log'!A:A,">="&C5,'Daily Log'!A:A,"<="&D5) -> 0 | L5: =IF(TODAY()<C5,"Future",IF(TODAY()>D5,IF(H5>=0.9,"Complete","Past Due"),"Current")) -> Future
A6: 4 | B6: Phase 2 — Pipeline | C6: 46167 | D6: 46173 | E6: Dashboard polish, README pass, v0.2 tag, LinkedIn #2 | F6: =COUNTIF('ARIS Tasks'!B:B,A6) -> 6 | G6: =COUNTIFS('ARIS Tasks'!B:B,A6,'ARIS Tasks'!E:E,"Done") -> 0 | H6: =IF(F6=0,0,G6/F6) -> 0 | I6: =IF(A6=0,0,IF(A6<=3,5,IF(A6<=12,10,IF(A6<=17,8,5)))) -> 10 | J6: =COUNTIFS('DSA Tracker'!F:F,">="&C6,'DSA Tracker'!F:F,"<="&D6,'DSA Tracker'!E:E,"Done") -> 0 | K6: =SUMIFS('Daily Log'!J:J,'Daily Log'!A:A,">="&C6,'Daily Log'!A:A,"<="&D6) -> 0 | L6: =IF(TODAY()<C6,"Future",IF(TODAY()>D6,IF(H6>=0.9,"Complete","Past Due"),"Current")) -> Future
A7: 5 | B7: Phase 3 — Predictor | C7: 46174 | D7: 46180 | E7: Leakage tripwire FIRST, bicycle model, Brunel WhatsApp | F7: =COUNTIF('ARIS Tasks'!B:B,A7) -> 6 | G7: =COUNTIFS('ARIS Tasks'!B:B,A7,'ARIS Tasks'!E:E,"Done") -> 0 | H7: =IF(F7=0,0,G7/F7) -> 0 | I7: =IF(A7=0,0,IF(A7<=3,5,IF(A7<=12,10,IF(A7<=17,8,5)))) -> 10 | J7: =COUNTIFS('DSA Tracker'!F:F,">="&C7,'DSA Tracker'!F:F,"<="&D7,'DSA Tracker'!E:E,"Done") -> 0 | K7: =SUMIFS('Daily Log'!J:J,'Daily Log'!A:A,">="&C7,'Daily Log'!A:A,"<="&D7) -> 0 | L7: =IF(TODAY()<C7,"Future",IF(TODAY()>D7,IF(H7>=0.9,"Complete","Past Due"),"Current")) -> Future
A8: 6 | B8: Phase 3 — Predictor | C8: 46181 | D8: 46187 | E8: Tire degradation curve, physics-model.md | F8: =COUNTIF('ARIS Tasks'!B:B,A8) -> 4 | G8: =COUNTIFS('ARIS Tasks'!B:B,A8,'ARIS Tasks'!E:E,"Done") -> 0 | H8: =IF(F8=0,0,G8/F8) -> 0 | I8: =IF(A8=0,0,IF(A8<=3,5,IF(A8<=12,10,IF(A8<=17,8,5)))) -> 10 | J8: =COUNTIFS('DSA Tracker'!F:F,">="&C8,'DSA Tracker'!F:F,"<="&D8,'DSA Tracker'!E:E,"Done") -> 0 | K8: =SUMIFS('Daily Log'!J:J,'Daily Log'!A:A,">="&C8,'Daily Log'!A:A,"<="&D8) -> 0 | L8: =IF(TODAY()<C8,"Future",IF(TODAY()>D8,IF(H8>=0.9,"Complete","Past Due"),"Current")) -> Future
A9: 7 | B9: Phase 3 — Predictor | C9: 46188 | D9: 46194 | E9: Residual ML + conformal calibration, v0.3, LinkedIn #3 | F9: =COUNTIF('ARIS Tasks'!B:B,A9) -> 8 | G9: =COUNTIFS('ARIS Tasks'!B:B,A9,'ARIS Tasks'!E:E,"Done") -> 0 | H9: =IF(F9=0,0,G9/F9) -> 0 | I9: =IF(A9=0,0,IF(A9<=3,5,IF(A9<=12,10,IF(A9<=17,8,5)))) -> 10 | J9: =COUNTIFS('DSA Tracker'!F:F,">="&C9,'DSA Tracker'!F:F,"<="&D9,'DSA Tracker'!E:E,"Done") -> 0 | K9: =SUMIFS('Daily Log'!J:J,'Daily Log'!A:A,">="&C9,'Daily Log'!A:A,"<="&D9) -> 0 | L9: =IF(TODAY()<C9,"Future",IF(TODAY()>D9,IF(H9>=0.9,"Complete","Past Due"),"Current")) -> Future
A10: 8 | B10: Phase 4 — Counterfactual | C10: 46195 | D10: 46201 | E10: Perturbation API, action vocabulary | F10: =COUNTIF('ARIS Tasks'!B:B,A10) -> 4 | G10: =COUNTIFS('ARIS Tasks'!B:B,A10,'ARIS Tasks'!E:E,"Done") -> 0 | H10: =IF(F10=0,0,G10/F10) -> 0 | I10: =IF(A10=0,0,IF(A10<=3,5,IF(A10<=12,10,IF(A10<=17,8,5)))) -> 10 | J10: =COUNTIFS('DSA Tracker'!F:F,">="&C10,'DSA Tracker'!F:F,"<="&D10,'DSA Tracker'!E:E,"Done") -> 0 | K10: =SUMIFS('Daily Log'!J:J,'Daily Log'!A:A,">="&C10,'Daily Log'!A:A,"<="&D10) -> 0 | L10: =IF(TODAY()<C10,"Future",IF(TODAY()>D10,IF(H10>=0.9,"Complete","Past Due"),"Current")) -> Future
A11: 9 | B11: Phase 4 — Counterfactual | C11: 46202 | D11: 46208 | E11: What-if Streamlit page, screenshot for demo, LinkedIn #4 | F11: =COUNTIF('ARIS Tasks'!B:B,A11) -> 5 | G11: =COUNTIFS('ARIS Tasks'!B:B,A11,'ARIS Tasks'!E:E,"Done") -> 0 | H11: =IF(F11=0,0,G11/F11) -> 0 | I11: =IF(A11=0,0,IF(A11<=3,5,IF(A11<=12,10,IF(A11<=17,8,5)))) -> 10 | J11: =COUNTIFS('DSA Tracker'!F:F,">="&C11,'DSA Tracker'!F:F,"<="&D11,'DSA Tracker'!E:E,"Done") -> 0 | K11: =SUMIFS('Daily Log'!J:J,'Daily Log'!A:A,">="&C11,'Daily Log'!A:A,"<="&D11) -> 0 | L11: =IF(TODAY()<C11,"Future",IF(TODAY()>D11,IF(H11>=0.9,"Complete","Past Due"),"Current")) -> Future
A12: 10 | B12: Phase 5 — Always-on | C12: 46209 | D12: 46215 | E12: Replay engine, Tier 1 + Tier 3 ticks, Watch feed | F12: =COUNTIF('ARIS Tasks'!B:B,A12) -> 4 | G12: =COUNTIFS('ARIS Tasks'!B:B,A12,'ARIS Tasks'!E:E,"Done") -> 0 | H12: =IF(F12=0,0,G12/F12) -> 0 | I12: =IF(A12=0,0,IF(A12<=3,5,IF(A12<=12,10,IF(A12<=17,8,5)))) -> 10 | J12: =COUNTIFS('DSA Tracker'!F:F,">="&C12,'DSA Tracker'!F:F,"<="&D12,'DSA Tracker'!E:E,"Done") -> 0 | K12: =SUMIFS('Daily Log'!J:J,'Daily Log'!A:A,">="&C12,'Daily Log'!A:A,"<="&D12) -> 0 | L12: =IF(TODAY()<C12,"Future",IF(TODAY()>D12,IF(H12>=0.9,"Complete","Past Due"),"Current")) -> Future
A13: 11 | B13: Phase 5 — Always-on | C13: 46216 | D13: 46222 | E13: Monte Carlo slim layer, MATLAB port starts, v0.5, LinkedIn #5 | F13: =COUNTIF('ARIS Tasks'!B:B,A13) -> 5 | G13: =COUNTIFS('ARIS Tasks'!B:B,A13,'ARIS Tasks'!E:E,"Done") -> 0 | H13: =IF(F13=0,0,G13/F13) -> 0 | I13: =IF(A13=0,0,IF(A13<=3,5,IF(A13<=12,10,IF(A13<=17,8,5)))) -> 10 | J13: =COUNTIFS('DSA Tracker'!F:F,">="&C13,'DSA Tracker'!F:F,"<="&D13,'DSA Tracker'!E:E,"Done") -> 0 | K13: =SUMIFS('Daily Log'!J:J,'Daily Log'!A:A,">="&C13,'Daily Log'!A:A,"<="&D13) -> 0 | L13: =IF(TODAY()<C13,"Future",IF(TODAY()>D13,IF(H13>=0.9,"Complete","Past Due"),"Current")) -> Future
A14: 12 | B14: Phase 6 — LLM + MATLAB | C14: 46223 | D14: 46229 | E14: Llama narrator, RAG-grounded Ask mode | F14: =COUNTIF('ARIS Tasks'!B:B,A14) -> 4 | G14: =COUNTIFS('ARIS Tasks'!B:B,A14,'ARIS Tasks'!E:E,"Done") -> 0 | H14: =IF(F14=0,0,G14/F14) -> 0 | I14: =IF(A14=0,0,IF(A14<=3,5,IF(A14<=12,10,IF(A14<=17,8,5)))) -> 10 | J14: =COUNTIFS('DSA Tracker'!F:F,">="&C14,'DSA Tracker'!F:F,"<="&D14,'DSA Tracker'!E:E,"Done") -> 0 | K14: =SUMIFS('Daily Log'!J:J,'Daily Log'!A:A,">="&C14,'Daily Log'!A:A,"<="&D14) -> 0 | L14: =IF(TODAY()<C14,"Future",IF(TODAY()>D14,IF(H14>=0.9,"Complete","Past Due"),"Current")) -> Future
A15: 13 | B15: Phase 6 — LLM + MATLAB | C15: 46230 | D15: 46236 | E15: MATLAB port finish, LLM polish, v0.6, LinkedIn #6 | F15: =COUNTIF('ARIS Tasks'!B:B,A15) -> 5 | G15: =COUNTIFS('ARIS Tasks'!B:B,A15,'ARIS Tasks'!E:E,"Done") -> 0 | H15: =IF(F15=0,0,G15/F15) -> 0 | I15: =IF(A15=0,0,IF(A15<=3,5,IF(A15<=12,10,IF(A15<=17,8,5)))) -> 8 | J15: =COUNTIFS('DSA Tracker'!F:F,">="&C15,'DSA Tracker'!F:F,"<="&D15,'DSA Tracker'!E:E,"Done") -> 0 | K15: =SUMIFS('Daily Log'!J:J,'Daily Log'!A:A,">="&C15,'Daily Log'!A:A,"<="&D15) -> 0 | L15: =IF(TODAY()<C15,"Future",IF(TODAY()>D15,IF(H15>=0.9,"Complete","Past Due"),"Current")) -> Future
... A24: 22 | B24: Phase 9 — Sustain | C24: 46294 | D24: 46300 | E24: Apps wave 4, LinkedIn post (only if new artefact) | F24: =COUNTIF('ARIS Tasks'!B:B,A24) -> 0 | G24: =COUNTIFS('ARIS Tasks'!B:B,A24,'ARIS Tasks'!E:E,"Done") -> 0 | H24: =IF(F24=0,0,G24/F24) -> 0 | I24: =IF(A24=0,0,IF(A24<=3,5,IF(A24<=12,10,IF(A24<=17,8,5)))) -> 5 | J24: =COUNTIFS('DSA Tracker'!F:F,">="&C24,'DSA Tracker'!F:F,"<="&D24,'DSA Tracker'!E:E,"Done") -> 0 | K24: =SUMIFS('Daily Log'!J:J,'Daily Log'!A:A,">="&C24,'Daily Log'!A:A,"<="&D24) -> 0 | L24: =IF(TODAY()<C24,"Future",IF(TODAY()>D24,IF(H24>=0.9,"Complete","Past Due"),"Current")) -> Future

Sheet Daily Log
A1: Date | B1: Day | C1: ARIS hrs | D1: DSA hrs | E1: App Tool hrs | F1: Networking hrs | G1: Writing hrs | H1: Resources hrs | I1: Other hrs | J1: Total hrs | K1: Target hrs | L1: Vs Target | M1: Notes
A2: 46141 | B2: =TEXT(A2,"ddd") -> Wed | C2: - | D2: - | E2: - | F2: - | G2: - | H2: - | I2: - | J2: =SUM(C2:I2) -> 0 | K2: =IF(WEEKDAY(A2,2)=7,0,6) -> 6 | L2: =J2-K2 -> -6
A3: 46142 | B3: =TEXT(A3,"ddd") -> Thu | C3: - | D3: - | E3: - | F3: - | G3: - | H3: - | I3: - | J3: =SUM(C3:I3) -> 0 | K3: =IF(WEEKDAY(A3,2)=7,0,6) -> 6 | L3: =J3-K3 -> -6
A4: 46143 | B4: =TEXT(A4,"ddd") -> Fri | C4: - | D4: - | E4: - | F4: - | G4: - | H4: - | I4: - | J4: =SUM(C4:I4) -> 0 | K4: =IF(WEEKDAY(A4,2)=7,0,6) -> 6 | L4: =J4-K4 -> -6
A5: 46144 | B5: =TEXT(A5,"ddd") -> Sat | C5: - | D5: - | E5: - | F5: - | G5: - | H5: - | I5: - | J5: =SUM(C5:I5) -> 0 | K5: =IF(WEEKDAY(A5,2)=7,0,6) -> 6 | L5: =J5-K5 -> -6
A6: 46145 | B6: =TEXT(A6,"ddd") -> Sun | C6: - | D6: - | E6: - | F6: - | G6: - | H6: - | I6: - | J6: =SUM(C6:I6) -> 0 | K6: =IF(WEEKDAY(A6,2)=7,0,6) -> 0 | L6: =J6-K6 -> 0
A7: 46146 | B7: =TEXT(A7,"ddd") -> Mon | C7: - | D7: - | E7: - | F7: - | G7: - | H7: - | I7: - | J7: =SUM(C7:I7) -> 0 | K7: =IF(WEEKDAY(A7,2)=7,0,6) -> 6 | L7: =J7-K7 -> -6
A8: 46147 | B8: =TEXT(A8,"ddd") -> Tue | C8: - | D8: - | E8: - | F8: - | G8: - | H8: - | I8: - | J8: =SUM(C8:I8) -> 0 | K8: =IF(WEEKDAY(A8,2)=7,0,6) -> 6 | L8: =J8-K8 -> -6
A9: 46148 | B9: =TEXT(A9,"ddd") -> Wed | C9: - | D9: - | E9: - | F9: - | G9: - | H9: - | I9: - | J9: =SUM(C9:I9) -> 0 | K9: =IF(WEEKDAY(A9,2)=7,0,6) -> 6 | L9: =J9-K9 -> -6
A10: 46149 | B10: =TEXT(A10,"ddd") -> Thu | J10: =SUM(C10:I10) -> 0 | K10: =IF(WEEKDAY(A10,2)=7,0,6) -> 6 | L10: =J10-K10 -> -6
A11: 46150 | B11: =TEXT(A11,"ddd") -> Fri | J11: =SUM(C11:I11) -> 0 | K11: =IF(WEEKDAY(A11,2)=7,0,6) -> 6 | L11: =J11-K11 -> -6
A12: 46151 | B12: =TEXT(A12,"ddd") -> Sat | J12: =SUM(C12:I12) -> 0 | K12: =IF(WEEKDAY(A12,2)=7,0,6) -> 6 | L12: =J12-K12 -> -6
A13: 46152 | B13: =TEXT(A13,"ddd") -> Sun | J13: =SUM(C13:I13) -> 0 | K13: =IF(WEEKDAY(A13,2)=7,0,6) -> 0 | L13: =J13-K13 -> 0
A14: 46153 | B14: =TEXT(A14,"ddd") -> Mon | J14: =SUM(C14:I14) -> 0 | K14: =IF(WEEKDAY(A14,2)=7,0,6) -> 6 | L14: =J14-K14 -> -6
A15: 46154 | B15: =TEXT(A15,"ddd") -> Tue | J15: =SUM(C15:I15) -> 0 | K15: =IF(WEEKDAY(A15,2)=7,0,6) -> 6 | L15: =J15-K15 -> -6
A16: 46155 | B16: =TEXT(A16,"ddd") -> Wed | J16: =SUM(C16:I16) -> 0 | K16: =IF(WEEKDAY(A16,2)=7,0,6) -> 6 | L16: =J16-K16 -> -6
A17: 46156 | B17: =TEXT(A17,"ddd") -> Thu | J17: =SUM(C17:I17) -> 0 | K17: =IF(WEEKDAY(A17,2)=7,0,6) -> 6 | L17: =J17-K17 -> -6
A18: 46157 | B18: =TEXT(A18,"ddd") -> Fri | J18: =SUM(C18:I18) -> 0 | K18: =IF(WEEKDAY(A18,2)=7,0,6) -> 6 | L18: =J18-K18 -> -6
A19: 46158 | B19: =TEXT(A19,"ddd") -> Sat | J19: =SUM(C19:I19) -> 0 | K19: =IF(WEEKDAY(A19,2)=7,0,6) -> 6 | L19: =J19-K19 -> -6
A20: 46159 | B20: =TEXT(A20,"ddd") -> Sun | J20: =SUM(C20:I20) -> 0 | K20: =IF(WEEKDAY(A20,2)=7,0,6) -> 0 | L20: =J20-K20 -> 0
A21: 46160 | B21: =TEXT(A21,"ddd") -> Mon | J21: =SUM(C21:I21) -> 0 | K21: =IF(WEEKDAY(A21,2)=7,0,6) -> 6 | L21: =J21-K21 -> -6
... A201: 46340 | B201: =TEXT(A201,"ddd") -> Sat | J201: =SUM(C201:I201) -> 0 | K201: =IF(WEEKDAY(A201,2)=7,0,6) -> 6 | L201: =J201-K201 -> -6

Sheet ARIS Tasks
A1: Phase | B1: Week | C1: Task | D1: Tier | E1: Status | F1: Hours Est | G1: Hours Actual | H1: Date Done | I1: Notes
A2: Phase 0 | B2: 0 | C2: Install Python 3.11.9 via pyenv-win; verify version | D2: Core | E2: Done | F2: 1 | G2: 1
A3: Phase 0 | B3: 0 | C3: Install uv; verify uv --version | D3: Core | E3: Done | F3: 0.5 | G3: 0.5
A4: Phase 0 | B4: 0 | C4: Install Git for Windows + GitHub CLI; gh auth login | D4: Core | E4: Done | F4: 1 | G4: 0.5
A5: Phase 0 | B5: 0 | C5: Install VS Code + extensions (Python, Pylance, Ruff, Jupyter, Docker, GitLens, Mermaid, Markdown) | D5: Core | E5: Done | F5: 1 | G5: 0.5
A6: Phase 0 | B6: 0 | C6: Install Docker Desktop; docker run hello-world works | D6: Core | E6: Todo | F6: 1
A7: Phase 0 | B7: 0 | C7: Install latest NVIDIA driver; nvidia-smi shows RTX 5070 | D7: Core | E7: Done | F7: 0.5 | G7: 0.5
A8: Phase 0 | B8: 0 | C8: Install CUDA Toolkit 12.x; nvcc --version works | D8: Core | E8: Done | F8: 1 | G8: 0.5
A9: Phase 0 | B9: 0 | C9: Install Ollama; ollama --version works | D9: Core | E9: Done | F9: 0.5 | G9: 1
A10: Phase 0 | B10: 0 | C10: ollama pull llama3.1:8b-instruct-q5_K_M and verify GPU prompt | D10: Core | E10: Todo | F10: 1 | G10: 0
A11: Phase 0 | B11: 0 | C11: ollama pull llama3.2:3b (fallback) | D11: Tier C | E11: Todo | F11: 0.5 | G11: 0
A12: Phase 0 | B12: 0 | C12: Install DBeaver Community | D12: Tier C | E12: Done | F12: 0.5 | G12: 0.2
A13: Phase 0 | B13: 0 | C13: Install OBS Studio + DaVinci Resolve / CapCut | D13: Core | E13: Done | F13: 1 | G13: 0.2
A14: Phase 0 | B14: 0 | C14: Set up MATLAB Online or Brunel R2024b student license | D14: Tier B | E14: Todo | F14: 1 | G14: 0
A15: Phase 0 | B15: 0 | C15: Set up Obsidian vault for personal notes (outside repo) | D15: Core | E15: Todo | F15: 0.5 | G15: 0
A16: Phase 0 | B16: 0 | C16: Create accounts: Streamlit Cloud, Neon.tech, HF, MathWorks, Coursera, DLAI, Bright Network | D16: Core | E16: Todo | F16: 1 | G16: 0
A17: Phase 0 | B17: 0 | C17: Clean GitHub: purge NeuroSim, write ARIS-aligned README, pin repos | D17: Tier A | E17: Todo | F17: 2 | G17: 0
A18: Phase 0 | B18: 0 | C18: Create empty aris repo (public, MIT, gitignore) | D18: Core | E18: Done | F18: 0.5 | G18: 0
... A113: Phase 8 | B113: 17 | C113: Final tag v1.0-placement-ready; freeze main | D113: Core | E113: Todo | F113: 0.5 | G113: 0

Sheet DSA Tracker
A1: # | B1: Problem | C1: Pattern | D1: Difficulty | E1: Status | F1: Date Solved | G1: Time (min) | H1: Source | I1: Notes
A2: 1 | B2: Contains Duplicate | C2: Arrays & Hashing | D2: Easy | E2: Todo | H2: NeetCode 150
A3: 2 | B3: Valid Anagram | C3: Arrays & Hashing | D3: Easy | E3: Todo | H3: NeetCode 150
A4: 3 | B4: Two Sum | C4: Arrays & Hashing | D4: Easy | E4: Todo | H4: NeetCode 150
A5: 4 | B5: Group Anagrams | C5: Arrays & Hashing | D5: Medium | E5: Todo | H5: NeetCode 150
A6: 5 | B6: Top K Frequent Elements | C6: Arrays & Hashing | D6: Medium | E6: Todo | H6: NeetCode 150
A7: 6 | B7: Encode and Decode Strings | C7: Arrays & Hashing | D7: Medium | E7: Todo | H7: NeetCode 150
A8: 7 | B8: Product of Array Except Self | C8: Arrays & Hashing | D8: Medium | E8: Todo | H8: NeetCode 150
A9: 8 | B9: Valid Sudoku | C9: Arrays & Hashing | D9: Medium | E9: Todo | H9: NeetCode 150
A10: 9 | B10: Longest Consecutive Sequence | C10: Arrays & Hashing | D10: Medium | E10: Todo | H10: NeetCode 150
A11: 10 | B11: Valid Palindrome | C11: Two Pointers | D11: Easy | E11: Todo | H11: NeetCode 150
A12: 11 | B12: Two Sum II - Input Array Is Sorted | C12: Two Pointers | D12: Medium | E12: Todo | H12: NeetCode 150
A13: 12 | B13: 3Sum | C13: Two Pointers | D13: Medium | E13: Todo | H13: NeetCode 150
... A151: 150 | B151: Reverse Integer | C151: Bit Manipulation | D151: Medium | E151: Todo | H151: NeetCode 150

Sheet Resources
A1: When | B1: Domain | C1: Resource | D1: Type | E1: Tier | F1: Free? | G1: URL/Source | H1: Hours Est | I1: Hours Done | J1: Status | K1: Verify Done When | L1: Notes
A2: Wk0-2 | B2: Python | C2: Boot.dev — Python track + OOP | D2: Course | E2: Primary | F2: Paid | G2: boot.dev | H2: 30 | I2: 0 | J2: Todo | K2: Completed Python + OOP modules; all exercises green
A3: Wk0-2 | B3: Python | C3: Real Python tutorials + Mosh Hamedani Python (YouTube) | D3: Course | E3: Backup | F3: Free | G3: youtube.com/c/programmingwithmosh | H3: 25 | I3: 0 | J3: Todo | K3: Completed beginner + intermediate Python videos; can write a class confidently
A4: Wk1-2 | B4: Python | C4: James Powell pandas tutorial (YouTube, ~2h) | D4: Course | E4: Primary | F4: Free | G4: youtube.com — search 'James Powell pandas' | H4: 2 | I4: 0 | J4: Todo | K4: Watched + replicated key examples in a Jupyter notebook
A5: Wk1-2 | B5: Python | C5: Kaggle Pandas micro-course | D5: Course | E5: Backup | F5: Free | G5: kaggle.com/learn/pandas | H5: 4 | I5: 0 | J5: Todo | K5: All 6 exercises passed
A6: Wk1-2 | B6: Python | C6: Fluent Python (Ramalho) — Ch.1-3 | D6: Book | E6: Primary | F6: Library | G6: Brunel library / O'Reilly | H6: 6 | I6: 0 | J6: Todo | K6: Read first 3 chapters; can explain duck typing + special methods
A7: Wk1-2 | B7: Python | C7: Effective Python (Slatkin) — items 1-30 | D7: Book | E7: Backup | F7: Library | G7: Brunel library / O'Reilly | H7: 5 | I7: 0 | J7: Todo | K7: Read items 1-30; applied 5 patterns to ARIS code
A8: Wk2-4 | B8: ML | C8: Andrew Ng — Machine Learning Specialization (Coursera) | D8: Course | E8: Primary | F8: Free (audit) | G8: coursera.org/specializations/machine-learning-introduction | H8: 40 | I8: 0 | J8: Todo | K8: Course 1 + Course 2 audited; certificates only if paid
A9: Wk2-4 | B9: ML | C9: fast.ai Practical Deep Learning Part 1 | D9: Course | E9: Backup | F9: Free | G9: course.fast.ai | H9: 40 | I9: 0 | J9: Todo | K9: Lessons 1-4 watched + first notebook adapted to a personal dataset
A10: Wk2-5 | B10: ML | C10: StatQuest with Josh Starmer — XGBoost, Gradient Boosting, Conformal Pred | D10: Video series | E10: Primary | F10: Free | G10: youtube.com/@statquest | H10: 8 | I10: 0 | J10: Todo | K10: Watched all relevant playlists; can sketch each algorithm on paper
A11: Wk2-5 | B11: ML | C11: 3Blue1Brown — Neural Networks playlist | D11: Video series | E11: Backup | F11: Free | G11: youtube.com/@3blue1brown | H11: 3 | I11: 0 | J11: Todo | K11: Watched all 4 videos in NN series
A12: Wk2-5 | B12: ML | C12: Hundred-Page ML Book (Burkov) | D12: Book | E12: Primary | F12: Free PDF | G12: themlbook.com — 'read first' draft chapters free | H12: 8 | I12: 0 | J12: Todo | K12: Read cover to cover; can explain bias/variance + cross-validation
A13: Wk2-5 | B13: ML | C13: Designing Machine Learning Systems (Huyen) — Ch.4-6 | D13: Book | E13: Backup | F13: Library | G13: Brunel library / O'Reilly | H13: 6 | I13: 0 | J13: Todo | K13: Read chapters 4-6 (training data, feature eng, model dev)
... A41: Wk4+ | B41: Writing | C41: Patio11 — Don't Call Yourself a Programmer | D41: Article | E41: Primary | F41: Free | G41: kalzumeus.com/2011/10/28/dont-call-yourself-a-programmer | H41: 0.5 | I41: 0 | J41: Todo | K41: Read; key lessons noted in Obsidian

Sheet Applications
A1: # | B1: Company | C1: Role | D1: Type | E1: Source | F1: Date Applied | G1: Status | H1: Last Update | I1: Days Since Apply | J1: Days Since Update | K1: Next Action | L1: Next Action Date | M1: Notes
A2: 1 | B2: Williams Racing | C2: Software Engineer — Vehicle Performance Software | D2: Placement | E2: Williams careers | G2: Drafted | I2: =IF(F2="","",IF(F2>TODAY(),0,TODAY()-F2)) | J2: =IF(H2="","",IF(H2>TODAY(),0,TODAY()-H2))
A3: 2 | B3: Aston Martin F1 | C3: Software Engineer — AMPT VP | D3: Placement | E3: AM careers | G3: Drafted | I3: =IF(F3="","",IF(F3>TODAY(),0,TODAY()-F3)) | J3: =IF(H3="","",IF(H3>TODAY(),0,TODAY()-H3))
A4: 3 | B4: Mercedes AMG HPP | C4: Software & Controls Placement | D4: Placement | E4: Mercedes careers | G4: Drafted | I4: =IF(F4="","",IF(F4>TODAY(),0,TODAY()-F4)) | J4: =IF(H4="","",IF(H4>TODAY(),0,TODAY()-H4))
A5: 4 | B5: McLaren Racing | C5: Engineering / Software Placement | D5: Placement | E5: McLaren careers | G5: Drafted | I5: =IF(F5="","",IF(F5>TODAY(),0,TODAY()-F5)) | J5: =IF(H5="","",IF(H5>TODAY(),0,TODAY()-H5))
A6: 5 | B6: Red Bull Racing | C6: Software / Race Strategy Student | D6: Placement | E6: RB careers | G6: Drafted | I6: =IF(F6="","",IF(F6>TODAY(),0,TODAY()-F6)) | J6: =IF(H6="","",IF(H6>TODAY(),0,TODAY()-H6))
A7: 6 | B7: Williams Advanced Engineering | C7: Software Engineer Placement | D7: Placement | E7: WAE careers | G7: Drafted | I7: =IF(F7="","",IF(F7>TODAY(),0,TODAY()-F7)) | J7: =IF(H7="","",IF(H7>TODAY(),0,TODAY()-H7))
A8: 7 | B8: Red Bull Advanced Technologies | C8: Software Placement | D8: Placement | E8: RBAT careers | G8: Drafted | I8: =IF(F8="","",IF(F8>TODAY(),0,TODAY()-F8)) | J8: =IF(H8="","",IF(H8>TODAY(),0,TODAY()-H8))
A9: 8 | B9: M-Sport (Cumbria) | C9: Software Engineer Placement | D9: Placement | E9: M-Sport careers | G9: Drafted | I9: =IF(F9="","",IF(F9>TODAY(),0,TODAY()-F9)) | J9: =IF(H9="","",IF(H9>TODAY(),0,TODAY()-H9))
A10: 9 | B10: Alpine F1 | C10: Software Placement | D10: Placement | E10: Alpine careers | G10: Drafted | I10: =IF(F10="","",IF(F10>TODAY(),0,TODAY()-F10)) | J10: =IF(H10="","",IF(H10>TODAY(),0,TODAY()-H10))
A11: 10 | B11: AP Racing | C11: Software / Engineering Placement | D11: Placement | E11: AP Racing careers | G11: Drafted | I11: =IF(F11="","",IF(F11>TODAY(),0,TODAY()-F11)) | J11: =IF(H11="","",IF(H11>TODAY(),0,TODAY()-H11))
A12: 11 | B12: Bentley Motors | C12: Software Engineer Placement | D12: Placement | E12: Bentley careers | G12: Drafted | I12: =IF(F12="","",IF(F12>TODAY(),0,TODAY()-F12)) | J12: =IF(H12="","",IF(H12>TODAY(),0,TODAY()-H12))
A13: 12 | B13: McLaren Applied | C13: Software / Telemetry Placement | D13: Placement | E13: McLaren Applied careers | G13: Drafted | I13: =IF(F13="","",IF(F13>TODAY(),0,TODAY()-F13)) | J13: =IF(H13="","",IF(H13>TODAY(),0,TODAY()-H13))
... A26: 25 | B26: Meta UK | C26: Software Engineer Placement | D26: Placement | E26: Meta careers | G26: Drafted | I26: =IF(F26="","",IF(F26>TODAY(),0,TODAY()-F26)) | J26: =IF(H26="","",IF(H26>TODAY(),0,TODAY()-H26))
A27: 26 | I27: =IF(F27="","",IF(F27>TODAY(),0,TODAY()-F27)) | J27: =IF(H27="","",IF(H27>TODAY(),0,TODAY()-H27))
A28: 27 | I28: =IF(F28="","",IF(F28>TODAY(),0,TODAY()-F28)) | J28: =IF(H28="","",IF(H28>TODAY(),0,TODAY()-H28))
A29: 28 | I29: =IF(F29="","",IF(F29>TODAY(),0,TODAY()-F29)) | J29: =IF(H29="","",IF(H29>TODAY(),0,TODAY()-H29))
A30: 29 | I30: =IF(F30="","",IF(F30>TODAY(),0,TODAY()-F30)) | J30: =IF(H30="","",IF(H30>TODAY(),0,TODAY()-H30))
A31: 30 | I31: =IF(F31="","",IF(F31>TODAY(),0,TODAY()-F31)) | J31: =IF(H31="","",IF(H31>TODAY(),0,TODAY()-H31))
A32: 31 | I32: =IF(F32="","",IF(F32>TODAY(),0,TODAY()-F32)) | J32: =IF(H32="","",IF(H32>TODAY(),0,TODAY()-H32))
A33: 32 | I33: =IF(F33="","",IF(F33>TODAY(),0,TODAY()-F33)) | J33: =IF(H33="","",IF(H33>TODAY(),0,TODAY()-H33))
A34: 33 | I34: =IF(F34="","",IF(F34>TODAY(),0,TODAY()-F34)) | J34: =IF(H34="","",IF(H34>TODAY(),0,TODAY()-H34))
A35: 34 | I35: =IF(F35="","",IF(F35>TODAY(),0,TODAY()-F35)) | J35: =IF(H35="","",IF(H35>TODAY(),0,TODAY()-H35))
A36: 35 | I36: =IF(F36="","",IF(F36>TODAY(),0,TODAY()-F36)) | J36: =IF(H36="","",IF(H36>TODAY(),0,TODAY()-H36))
A37: 36 | I37: =IF(F37="","",IF(F37>TODAY(),0,TODAY()-F37)) | J37: =IF(H37="","",IF(H37>TODAY(),0,TODAY()-H37))
A38: 37 | I38: =IF(F38="","",IF(F38>TODAY(),0,TODAY()-F38)) | J38: =IF(H38="","",IF(H38>TODAY(),0,TODAY()-H38))
... A51: 50 | I51: =IF(F51="","",IF(F51>TODAY(),0,TODAY()-F51)) | J51: =IF(H51="","",IF(H51>TODAY(),0,TODAY()-H51))

Sheet Networking
A1: # | B1: Date Sent | C1: Person | D1: Company | E1: Role | F1: Connection | G1: Channel | H1: Action | I1: Reply? | J1: Reply Date | K1: Days to Reply | L1: Follow-up Date | M1: Next Step | N1: Notes
A2: 1 | I2: Pending | K2: =IF(OR(B2="",J2=""),"",IF(J2<B2,"",J2-B2))
A3: 2 | K3: =IF(OR(B3="",J3=""),"",IF(J3<B3,"",J3-B3))
A4: 3 | K4: =IF(OR(B4="",J4=""),"",IF(J4<B4,"",J4-B4))
A5: 4 | K5: =IF(OR(B5="",J5=""),"",IF(J5<B5,"",J5-B5))
A6: 5 | K6: =IF(OR(B6="",J6=""),"",IF(J6<B6,"",J6-B6))
A7: 6 | K7: =IF(OR(B7="",J7=""),"",IF(J7<B7,"",J7-B7))
A8: 7 | K8: =IF(OR(B8="",J8=""),"",IF(J8<B8,"",J8-B8))
A9: 8 | K9: =IF(OR(B9="",J9=""),"",IF(J9<B9,"",J9-B9))
A10: 9 | K10: =IF(OR(B10="",J10=""),"",IF(J10<B10,"",J10-B10))
A11: 10 | K11: =IF(OR(B11="",J11=""),"",IF(J11<B11,"",J11-B11))
A12: 11 | K12: =IF(OR(B12="",J12=""),"",IF(J12<B12,"",J12-B12))
A13: 12 | K13: =IF(OR(B13="",J13=""),"",IF(J13<B13,"",J13-B13))
A14: 13 | K14: =IF(OR(B14="",J14=""),"",IF(J14<B14,"",J14-B14))
... A101: 100 | K101: =IF(OR(B101="",J101=""),"",IF(J101<B101,"",J101-B101))

Sheet Settings
A1: ARIS Master Planner — Settings
A3: Key Date | B3: Value | F3: Status Options | H3: Tier | J3: Time Category
A4: Project Start (Week 1, Day 1) | B4: 46146 | F4: Todo | H4: Core | J4: ARIS
A5: Phase 3 Brunel Kill | B5: 46194 | F5: Doing | H5: Tier A | J5: DSA
A6: ARIS Ship Date | B6: 46265 | F6: Done | H6: Tier B | J6: App Tool
A7: Applications Open (est.) | B7: 46280 | F7: Skipped | H7: Tier C | J7: Networking
A8: Application Sprint End | B8: 46356 | F8: Blocked | J8: Writing
A9: Today | B9: =TODAY() -> 46149 | J9: Resources
J10: Other
A12: How this planner works
A13: 1. Open Daily Log every evening, log hours by category. Takes 60 seconds.
A14: 2. Update ARIS Tasks status as you tick them off. Dashboard auto-updates.
A15: 3. Update DSA Tracker after each problem solved.
A16: 4. Resources sheet — log hours and mark Done when verified.
A17: 5. Applications sheet — log every application Sept onwards.
A18: 6. Networking sheet — log every outreach + reply.
A19: 7. Press F9 (or Ctrl+Shift+F9) to recalculate if numbers look stale.
A20: 8. Charts on Dashboard auto-pull from underlying sheets.
